{"dateTime": "2024-04-22 20:25:55.337701", "channelA410nm": 9.831080436706543, "channelA435nm": 4.984130382537842, "channelA460nm": 9.67223072052002, "channelA485nm": 5.673512935638428, "channelA510nm": 3.1921141147613525, "channelA535nm": 2.919400691986084, "channelA560nm": 29.879573822021484, "channelA585nm": 225.7479248046875, "channelA610nm": 3.3128089904785156, "channelA645nm": 193.5823211669922, "channelA680nm": 1.04391610622406, "channelA705nm": 2.4242684841156006, "channelA730nm": 0.823743462562561, "channelA760nm": 0.0, "channelA810nm": 0.8140385746955872, "channelA860nm": 1.085262656211853, "channelA900nm": 5.128300189971924, "channelA940nm": 11.9013032913208}