{"dateTime": "2024-04-22 20:25:57.005946", "temperature": 22.828742077038623, "pressure": 998.0992330527093, "humidity": 29.8244281802617, "dewPoint": 4.25877391752252, "altitude": 126.88865655252964}