{"dateTime": "2024-04-22 20:26:05.376298", "co2": 0.0, "temperature": 22.855728149414062, "humidity": 27.86102294921875}